file_name,link
https:__www.palestinechronicle.com_israel-claims-hamas-spies-in-israel-facilitated-oct-7-operation-but-is-tel-aviv-telling-the-truth_.html,https://www.palestinechronicle.com/israel-claims-hamas-spies-in-israel-facilitated-oct-7-operation-but-is-tel-aviv-telling-the-truth/
https:__www.palestinechronicle.com_predicting-pestilence-who-says-disease-could-be-deadlier-than-airstrikes-in-gaza_.html,https://www.palestinechronicle.com/predicting-pestilence-who-says-disease-could-be-deadlier-than-airstrikes-in-gaza/
https:__www.palestinechronicle.com_abandonbiden-why-are-muslim-americans-refusing-to-vote-democrat_.html,https://www.palestinechronicle.com/abandonbiden-why-are-muslim-americans-refusing-to-vote-democrat/
https:__www.palestinechronicle.com_why-gaza-child-alma-refused-to-be-rescued-following-israeli-attack-on-her-home-video_.html,https://www.palestinechronicle.com/why-gaza-child-alma-refused-to-be-rescued-following-israeli-attack-on-her-home-video/
https:__www.palestinechronicle.com_questioning-the-stories-we-are-told-on-solidarity-and-propaganda_.html,https://www.palestinechronicle.com/questioning-the-stories-we-are-told-on-solidarity-and-propaganda/
https:__www.palestinechronicle.com_israel-is-retreating-in-northern-gaza-trying-to-advance-in-south-qassam_.html,https://www.palestinechronicle.com/israel-is-retreating-in-northern-gaza-trying-to-advance-in-south-qassam/
https:__www.palestinechronicle.com_who-is-lynn-hastings-the-un-official-forced-out-by-israel_.html,https://www.palestinechronicle.com/who-is-lynn-hastings-the-un-official-forced-out-by-israel/
https:__www.palestinechronicle.com_palestine-unifier-of-the-islamic-world_.html,https://www.palestinechronicle.com/palestine-unifier-of-the-islamic-world/
https:__www.palestinechronicle.com_only-survivor-in-her-family-palestine-chronicle-visits-wounded-gaza-child-sham_.html,https://www.palestinechronicle.com/only-survivor-in-her-family-palestine-chronicle-visits-wounded-gaza-child-sham/
https:__www.palestinechronicle.com_this-is-how-israel-can-release-its-prisoners-saleh-al-arouri_.html,https://www.palestinechronicle.com/this-is-how-israel-can-release-its-prisoners-saleh-al-arouri/
https:__www.palestinechronicle.com_meet-the-gospel-how-artificial-intelligence-is-used-to-kill-palestinians_.html,https://www.palestinechronicle.com/meet-the-gospel-how-artificial-intelligence-is-used-to-kill-palestinians/
https:__www.palestinechronicle.com_the-untold-history-of-gaza-on-conquerors-resurgence-and-rebirth_.html,https://www.palestinechronicle.com/the-untold-history-of-gaza-on-conquerors-resurgence-and-rebirth/
https:__www.palestinechronicle.com_they-stepped-on-my-head-broke-my-fingers-palestinian-child-recalls-israeli-prison-experience_.html,https://www.palestinechronicle.com/they-stepped-on-my-head-broke-my-fingers-palestinian-child-recalls-israeli-prison-experience/
https:__www.palestinechronicle.com_aid-to-gaza-through-the-rafah-crossing-a-timeline_.html,https://www.palestinechronicle.com/aid-to-gaza-through-the-rafah-crossing-a-timeline/
https:__www.palestinechronicle.com_a-daughter-of-nabi-saleh-who-is-palestinian-icon-ahed-tamimi_.html,https://www.palestinechronicle.com/a-daughter-of-nabi-saleh-who-is-palestinian-icon-ahed-tamimi/
https:__www.palestinechronicle.com_saluting-hamas-or-the-boring-routine-of-being-labeled-antisemitic-ronnie-kasrils_.html,https://www.palestinechronicle.com/saluting-hamas-or-the-boring-routine-of-being-labeled-antisemitic-ronnie-kasrils/
https:__www.palestinechronicle.com_rain-and-genocide-gazans-fight-hunger-the-elements-photos_.html,https://www.palestinechronicle.com/rain-and-genocide-gazans-fight-hunger-the-elements-photos/
https:__www.palestinechronicle.com_al-qassams-latest-video-is-best-production-yet-video_.html,https://www.palestinechronicle.com/al-qassams-latest-video-is-best-production-yet-video/
https:__www.palestinechronicle.com_farasheeh-long-lines-and-lots-of-walking-palestine-chronicle-camera-in-gaza_.html,https://www.palestinechronicle.com/farasheeh-long-lines-and-lots-of-walking-palestine-chronicle-camera-in-gaza/
https:__www.palestinechronicle.com_beautiful-boy-ahmed-is-in-israeli-prison-over-social-media-post_.html,https://www.palestinechronicle.com/beautiful-boy-ahmed-is-in-israeli-prison-over-social-media-post/
https:__www.palestinechronicle.com_a-terrorist-organization-this-is-what-hamas-charters-say_.html,https://www.palestinechronicle.com/a-terrorist-organization-this-is-what-hamas-charters-say/
https:__www.palestinechronicle.com_i-see-you-in-my-heart-the-story-of-palestinian-prisoner-faris-baroud_.html,https://www.palestinechronicle.com/i-see-you-in-my-heart-the-story-of-palestinian-prisoner-faris-baroud/
https:__www.palestinechronicle.com_political-conflict-cannot-be-solved-with-military-tools-hamas-official_.html,https://www.palestinechronicle.com/political-conflict-cannot-be-solved-with-military-tools-hamas-official/
https:__www.palestinechronicle.com_we-are-the-murabitat-who-is-hanadi-halawani-just-released-from-israeli-prison_.html,https://www.palestinechronicle.com/we-are-the-murabitat-who-is-hanadi-halawani-just-released-from-israeli-prison/
https:__www.palestinechronicle.com_liberation-begins-now-time-now-for-palestinians-to-protect-their-collective-sumud_.html,https://www.palestinechronicle.com/liberation-begins-now-time-now-for-palestinians-to-protect-their-collective-sumud/
https:__www.palestinechronicle.com_wwii-again-this-is-how-netanyahu-plans-to-de-radicalize-gaza_.html,https://www.palestinechronicle.com/wwii-again-this-is-how-netanyahu-plans-to-de-radicalize-gaza/
https:__www.palestinechronicle.com_wedding-in-un-shelter-palestinian-couple-find-joy-among-gaza-ruins_.html,https://www.palestinechronicle.com/wedding-in-un-shelter-palestinian-couple-find-joy-among-gaza-ruins/
https:__www.palestinechronicle.com_step-closer-to-victory-in-gaza-burns-expansive-deal-could-only-mean-one-thing-analysis_.html,https://www.palestinechronicle.com/step-closer-to-victory-in-gaza-burns-expansive-deal-could-only-mean-one-thing-analysis/
https:__www.palestinechronicle.com_scenes-in-gaza-are-dystopian-dr-ghassan-abu-sittah_.html,https://www.palestinechronicle.com/scenes-in-gaza-are-dystopian-dr-ghassan-abu-sittah/
https:__www.palestinechronicle.com_two-palestinian-artists-condemn-israels-destruction-of-gazas-iconic-theater_.html,https://www.palestinechronicle.com/two-palestinian-artists-condemn-israels-destruction-of-gazas-iconic-theater/
https:__www.palestinechronicle.com_israel-claims-hamas-spies-in-israel-facilitated-oct-7-operation-but-is-tel-aviv-telling-the-truth_.html,https://www.palestinechronicle.com/israel-claims-hamas-spies-in-israel-facilitated-oct-7-operation-but-is-tel-aviv-telling-the-truth/
https:__www.palestinechronicle.com_predicting-pestilence-who-says-disease-could-be-deadlier-than-airstrikes-in-gaza_.html,https://www.palestinechronicle.com/predicting-pestilence-who-says-disease-could-be-deadlier-than-airstrikes-in-gaza/
https:__www.palestinechronicle.com_abandonbiden-why-are-muslim-americans-refusing-to-vote-democrat_.html,https://www.palestinechronicle.com/abandonbiden-why-are-muslim-americans-refusing-to-vote-democrat/
https:__www.palestinechronicle.com_why-gaza-child-alma-refused-to-be-rescued-following-israeli-attack-on-her-home-video_.html,https://www.palestinechronicle.com/why-gaza-child-alma-refused-to-be-rescued-following-israeli-attack-on-her-home-video/
https:__www.palestinechronicle.com_questioning-the-stories-we-are-told-on-solidarity-and-propaganda_.html,https://www.palestinechronicle.com/questioning-the-stories-we-are-told-on-solidarity-and-propaganda/
https:__www.palestinechronicle.com_israel-is-retreating-in-northern-gaza-trying-to-advance-in-south-qassam_.html,https://www.palestinechronicle.com/israel-is-retreating-in-northern-gaza-trying-to-advance-in-south-qassam/
https:__www.palestinechronicle.com_who-is-lynn-hastings-the-un-official-forced-out-by-israel_.html,https://www.palestinechronicle.com/who-is-lynn-hastings-the-un-official-forced-out-by-israel/
https:__www.palestinechronicle.com_palestine-unifier-of-the-islamic-world_.html,https://www.palestinechronicle.com/palestine-unifier-of-the-islamic-world/
https:__www.palestinechronicle.com_only-survivor-in-her-family-palestine-chronicle-visits-wounded-gaza-child-sham_.html,https://www.palestinechronicle.com/only-survivor-in-her-family-palestine-chronicle-visits-wounded-gaza-child-sham/
https:__www.palestinechronicle.com_this-is-how-israel-can-release-its-prisoners-saleh-al-arouri_.html,https://www.palestinechronicle.com/this-is-how-israel-can-release-its-prisoners-saleh-al-arouri/
https:__www.palestinechronicle.com_meet-the-gospel-how-artificial-intelligence-is-used-to-kill-palestinians_.html,https://www.palestinechronicle.com/meet-the-gospel-how-artificial-intelligence-is-used-to-kill-palestinians/
https:__www.palestinechronicle.com_the-untold-history-of-gaza-on-conquerors-resurgence-and-rebirth_.html,https://www.palestinechronicle.com/the-untold-history-of-gaza-on-conquerors-resurgence-and-rebirth/
https:__www.palestinechronicle.com_they-stepped-on-my-head-broke-my-fingers-palestinian-child-recalls-israeli-prison-experience_.html,https://www.palestinechronicle.com/they-stepped-on-my-head-broke-my-fingers-palestinian-child-recalls-israeli-prison-experience/
https:__www.palestinechronicle.com_aid-to-gaza-through-the-rafah-crossing-a-timeline_.html,https://www.palestinechronicle.com/aid-to-gaza-through-the-rafah-crossing-a-timeline/
https:__www.palestinechronicle.com_a-daughter-of-nabi-saleh-who-is-palestinian-icon-ahed-tamimi_.html,https://www.palestinechronicle.com/a-daughter-of-nabi-saleh-who-is-palestinian-icon-ahed-tamimi/
https:__www.palestinechronicle.com_saluting-hamas-or-the-boring-routine-of-being-labeled-antisemitic-ronnie-kasrils_.html,https://www.palestinechronicle.com/saluting-hamas-or-the-boring-routine-of-being-labeled-antisemitic-ronnie-kasrils/
https:__www.palestinechronicle.com_rain-and-genocide-gazans-fight-hunger-the-elements-photos_.html,https://www.palestinechronicle.com/rain-and-genocide-gazans-fight-hunger-the-elements-photos/
https:__www.palestinechronicle.com_al-qassams-latest-video-is-best-production-yet-video_.html,https://www.palestinechronicle.com/al-qassams-latest-video-is-best-production-yet-video/
https:__www.palestinechronicle.com_farasheeh-long-lines-and-lots-of-walking-palestine-chronicle-camera-in-gaza_.html,https://www.palestinechronicle.com/farasheeh-long-lines-and-lots-of-walking-palestine-chronicle-camera-in-gaza/
https:__www.palestinechronicle.com_beautiful-boy-ahmed-is-in-israeli-prison-over-social-media-post_.html,https://www.palestinechronicle.com/beautiful-boy-ahmed-is-in-israeli-prison-over-social-media-post/
https:__www.palestinechronicle.com_a-terrorist-organization-this-is-what-hamas-charters-say_.html,https://www.palestinechronicle.com/a-terrorist-organization-this-is-what-hamas-charters-say/
https:__www.palestinechronicle.com_i-see-you-in-my-heart-the-story-of-palestinian-prisoner-faris-baroud_.html,https://www.palestinechronicle.com/i-see-you-in-my-heart-the-story-of-palestinian-prisoner-faris-baroud/
https:__www.palestinechronicle.com_political-conflict-cannot-be-solved-with-military-tools-hamas-official_.html,https://www.palestinechronicle.com/political-conflict-cannot-be-solved-with-military-tools-hamas-official/
https:__www.palestinechronicle.com_we-are-the-murabitat-who-is-hanadi-halawani-just-released-from-israeli-prison_.html,https://www.palestinechronicle.com/we-are-the-murabitat-who-is-hanadi-halawani-just-released-from-israeli-prison/
https:__www.palestinechronicle.com_liberation-begins-now-time-now-for-palestinians-to-protect-their-collective-sumud_.html,https://www.palestinechronicle.com/liberation-begins-now-time-now-for-palestinians-to-protect-their-collective-sumud/
https:__www.palestinechronicle.com_wwii-again-this-is-how-netanyahu-plans-to-de-radicalize-gaza_.html,https://www.palestinechronicle.com/wwii-again-this-is-how-netanyahu-plans-to-de-radicalize-gaza/
https:__www.palestinechronicle.com_wedding-in-un-shelter-palestinian-couple-find-joy-among-gaza-ruins_.html,https://www.palestinechronicle.com/wedding-in-un-shelter-palestinian-couple-find-joy-among-gaza-ruins/
https:__www.palestinechronicle.com_step-closer-to-victory-in-gaza-burns-expansive-deal-could-only-mean-one-thing-analysis_.html,https://www.palestinechronicle.com/step-closer-to-victory-in-gaza-burns-expansive-deal-could-only-mean-one-thing-analysis/
https:__www.palestinechronicle.com_scenes-in-gaza-are-dystopian-dr-ghassan-abu-sittah_.html,https://www.palestinechronicle.com/scenes-in-gaza-are-dystopian-dr-ghassan-abu-sittah/
https:__www.palestinechronicle.com_two-palestinian-artists-condemn-israels-destruction-of-gazas-iconic-theater_.html,https://www.palestinechronicle.com/two-palestinian-artists-condemn-israels-destruction-of-gazas-iconic-theater/
https:__www.palestinechronicle.com_the-boy-from-haris-the-story-of-palestinian-child-prisoner-ali-yasin-shamlawi_.html,https://www.palestinechronicle.com/the-boy-from-haris-the-story-of-palestinian-child-prisoner-ali-yasin-shamlawi/
https:__www.palestinechronicle.com_from-danielle-and-emilia-freed-israeli-woman-thanks-qassam-brigades_.html,https://www.palestinechronicle.com/from-danielle-and-emilia-freed-israeli-woman-thanks-qassam-brigades/
https:__www.palestinechronicle.com_the-children-of-gaza-tell-their-stories-we-play-with-those-who-remained-alive-photos_.html,https://www.palestinechronicle.com/the-children-of-gaza-tell-their-stories-we-play-with-those-who-remained-alive-photos/
https:__www.palestinechronicle.com_love-behind-bars-the-story-of-palestinian-prisoner-nael-al-barghouti_.html,https://www.palestinechronicle.com/love-behind-bars-the-story-of-palestinian-prisoner-nael-al-barghouti/
https:__www.palestinechronicle.com_victory-is-near-freed-palestinian-civilians-in-their-own-words_.html,https://www.palestinechronicle.com/victory-is-near-freed-palestinian-civilians-in-their-own-words/
https:__www.palestinechronicle.com_why-bolton-believes-that-hamas-is-winning-analysis_.html,https://www.palestinechronicle.com/why-bolton-believes-that-hamas-is-winning-analysis/
https:__www.palestinechronicle.com_military-parade-hamas-latest-video-challenges-israeli-claims-in-gaza-analysis_.html,https://www.palestinechronicle.com/military-parade-hamas-latest-video-challenges-israeli-claims-in-gaza-analysis/
https:__www.palestinechronicle.com_ceasefire-now-but-what-happens-after-that_.html,https://www.palestinechronicle.com/ceasefire-now-but-what-happens-after-that/
https:__www.palestinechronicle.com_the-girl-who-did-nothing-the-story-of-palestinian-child-prisoner-dima-ismail-al-wawi_.html,https://www.palestinechronicle.com/the-girl-who-did-nothing-the-story-of-palestinian-child-prisoner-dima-ismail-al-wawi/
https:__www.palestinechronicle.com_was-al-qassam-fighter-who-released-israeli-captives-a-woman-fact-check_.html,https://www.palestinechronicle.com/was-al-qassam-fighter-who-released-israeli-captives-a-woman-fact-check/
https:__www.palestinechronicle.com_we-want-the-war-to-stop-gaza-residents-react-to-the-ceasefire_.html,https://www.palestinechronicle.com/we-want-the-war-to-stop-gaza-residents-react-to-the-ceasefire/
https:__www.palestinechronicle.com_what-exactly-do-we-want-from-the-river-to-the-sea_.html,https://www.palestinechronicle.com/what-exactly-do-we-want-from-the-river-to-the-sea/
https:__www.palestinechronicle.com_no-pain-like-mine-the-story-of-palestinian-prisoner-israa-jaabis_.html,https://www.palestinechronicle.com/no-pain-like-mine-the-story-of-palestinian-prisoner-israa-jaabis/
https:__www.palestinechronicle.com_life-hanging-in-the-balance-the-perils-of-pregnancy-and-childbirth-in-gaza_.html,https://www.palestinechronicle.com/life-hanging-in-the-balance-the-perils-of-pregnancy-and-childbirth-in-gaza/
https:__www.palestinechronicle.com_a-gaza-walk-through-ceasefire-day-1-photos_.html,https://www.palestinechronicle.com/a-gaza-walk-through-ceasefire-day-1-photos/
https:__www.palestinechronicle.com_ben-gvir-warned-palestinians-against-celebrating-their-freedom-but-this-happened-videos-photos_.html,https://www.palestinechronicle.com/ben-gvir-warned-palestinians-against-celebrating-their-freedom-but-this-happened-videos-photos/
https:__www.palestinechronicle.com_priority-of-the-oppressed-let-the-small-red-triangle-guide-you_.html,https://www.palestinechronicle.com/priority-of-the-oppressed-let-the-small-red-triangle-guide-you/
https:__www.palestinechronicle.com_hamas-prisoner-exchange-and-israels-genocidal-war-context-is-crucial_.html,https://www.palestinechronicle.com/hamas-prisoner-exchange-and-israels-genocidal-war-context-is-crucial/
https:__www.palestinechronicle.com_song-from-gaza-in-memoriam-of-samah-idris-video_.html,https://www.palestinechronicle.com/song-from-gaza-in-memoriam-of-samah-idris-video/
https:__www.palestinechronicle.com_ours-is-an-indigenous-struggle-how-gaza-united-the-world_.html,https://www.palestinechronicle.com/ours-is-an-indigenous-struggle-how-gaza-united-the-world/
https:__www.palestinechronicle.com_why-borrell-others-are-now-calling-for-a-palestinian-state-analysis_.html,https://www.palestinechronicle.com/why-borrell-others-are-now-calling-for-a-palestinian-state-analysis/
https:__www.palestinechronicle.com_the-other-war-israel-is-facing-financial-ruin_.html,https://www.palestinechronicle.com/the-other-war-israel-is-facing-financial-ruin/
https:__www.palestinechronicle.com_israels-war-on-gaza-war-of-ethnic-cleansing_.html,https://www.palestinechronicle.com/israels-war-on-gaza-war-of-ethnic-cleansing/
https:__www.palestinechronicle.com_from-neutrality-to-weapons-embargo-evolution-of-saudi-language-on-israels-war-in-gaza_.html,https://www.palestinechronicle.com/from-neutrality-to-weapons-embargo-evolution-of-saudi-language-on-israels-war-in-gaza/
https:__www.palestinechronicle.com_time-for-israel-to-pay-this-is-how-to-prevent-a-new-nakba-in-palestine_.html,https://www.palestinechronicle.com/time-for-israel-to-pay-this-is-how-to-prevent-a-new-nakba-in-palestine/
https:__www.palestinechronicle.com_social-solidarity-in-all-aspects-of-life-people-in-gaza-stay-united_.html,https://www.palestinechronicle.com/social-solidarity-in-all-aspects-of-life-people-in-gaza-stay-united/
https:__www.palestinechronicle.com_unprecedented-destruction-nakba-survivors-share-their-memories-and-hopes_.html,https://www.palestinechronicle.com/unprecedented-destruction-nakba-survivors-share-their-memories-and-hopes/
https:__www.palestinechronicle.com_fear-and-massacres-whathappened-during-communications-blackout-in-gaza_.html,https://www.palestinechronicle.com/fear-and-massacres-whathappened-during-communications-blackout-in-gaza/
https:__www.palestinechronicle.com_using-the-appropriate-weapons-resistance-roundup-day-46_.html,https://www.palestinechronicle.com/using-the-appropriate-weapons-resistance-roundup-day-46/
https:__www.palestinechronicle.com_how-ehud-barak-ended-al-shifa-tunnels-debate-analysis_.html,https://www.palestinechronicle.com/how-ehud-barak-ended-al-shifa-tunnels-debate-analysis/
https:__www.palestinechronicle.com_the-ceasefire-deal-according-to-hamas-according-to-israel-explainer_.html,https://www.palestinechronicle.com/the-ceasefire-deal-according-to-hamas-according-to-israel-explainer/
https:__www.palestinechronicle.com_for-pro-israel-crowd-in-canada-even-trudeau-is-an-antisemite_.html,https://www.palestinechronicle.com/for-pro-israel-crowd-in-canada-even-trudeau-is-an-antisemite/
https:__www.palestinechronicle.com_israels-destruction-of-gaza-health-care-is-systematic-dr-mads-gilbert_.html,https://www.palestinechronicle.com/israels-destruction-of-gaza-health-care-is-systematic-dr-mads-gilbert/
https:__www.palestinechronicle.com_we-will-annihilate-everyone-in-gaza-israeli-children-song-calls-for-destroying-gaza-video_.html,https://www.palestinechronicle.com/we-will-annihilate-everyone-in-gaza-israeli-children-song-calls-for-destroying-gaza-video/
https:__www.palestinechronicle.com_what-is-happening-inside-the-indonesian-hospital-in-gaza-explainer_.html,https://www.palestinechronicle.com/what-is-happening-inside-the-indonesian-hospital-in-gaza-explainer/
https:__www.palestinechronicle.com_most-successful-military-raid-of-this-century-ritter-on-hamas-october-7-operation_.html,https://www.palestinechronicle.com/most-successful-military-raid-of-this-century-ritter-on-hamas-october-7-operation/
https:__www.palestinechronicle.com_i-am-not-a-lawyer-i-am-a-lawyer-the-inconsistencies-of-eu-foreign-policy-chief_.html,https://www.palestinechronicle.com/i-am-not-a-lawyer-i-am-a-lawyer-the-inconsistencies-of-eu-foreign-policy-chief/
https:__www.palestinechronicle.com_kyrie-irving-wears-a-keffiyeh-declares-solidarity-with-gaza-video_.html,https://www.palestinechronicle.com/kyrie-irving-wears-a-keffiyeh-declares-solidarity-with-gaza-video/
https:__www.palestinechronicle.com_from-turtle-island-to-palestine-genocide-trauma-and-the-power-of-existence-as-resistance_.html,https://www.palestinechronicle.com/from-turtle-island-to-palestine-genocide-trauma-and-the-power-of-existence-as-resistance/
https:__www.palestinechronicle.com_your-share-of-our-blood-why-al-fakhoura-massacre-will-not-be-the-last-editorial_.html,https://www.palestinechronicle.com/your-share-of-our-blood-why-al-fakhoura-massacre-will-not-be-the-last-editorial/
https:__www.palestinechronicle.com_from-gaza-with-rage-you-must-stop-the-genocide_.html,https://www.palestinechronicle.com/from-gaza-with-rage-you-must-stop-the-genocide/
https:__www.palestinechronicle.com_we-lost-the-north-the-math-of-israels-military-defeat-in-gaza_.html,https://www.palestinechronicle.com/we-lost-the-north-the-math-of-israels-military-defeat-in-gaza/
https:__www.palestinechronicle.com_the-genocide-of-gaza-and-the-emptiness-of-western-values_.html,https://www.palestinechronicle.com/the-genocide-of-gaza-and-the-emptiness-of-western-values/
https:__www.palestinechronicle.com_the-story-is-one-the-pain-is-collective-photos-from-gaza_.html,https://www.palestinechronicle.com/the-story-is-one-the-pain-is-collective-photos-from-gaza/
https:__www.palestinechronicle.com_the-righteous-fury-of-the-israeli-left-ilan-pappe_.html,https://www.palestinechronicle.com/the-righteous-fury-of-the-israeli-left-ilan-pappe/
https:__www.palestinechronicle.com_first-spouses-should-be-voice-of-suppressed-silenced-gaza-emine-erdogan_.html,https://www.palestinechronicle.com/first-spouses-should-be-voice-of-suppressed-silenced-gaza-emine-erdogan/
https:__www.palestinechronicle.com_israel-will-not-defeat-gaza-a-lesson-from-history_.html,https://www.palestinechronicle.com/israel-will-not-defeat-gaza-a-lesson-from-history/
https:__www.palestinechronicle.com_gaza-genocide-heralds-decomposition-of-zionism-and-collapse-of-apartheid-israel_.html,https://www.palestinechronicle.com/gaza-genocide-heralds-decomposition-of-zionism-and-collapse-of-apartheid-israel/
https:__www.palestinechronicle.com_there-is-nothing-to-protect-us-displaced-gazans-face-heavy-rain-amid-israeli-war_.html,https://www.palestinechronicle.com/there-is-nothing-to-protect-us-displaced-gazans-face-heavy-rain-amid-israeli-war/
https:__www.palestinechronicle.com_mein-kampf-in-gaza-and-isis-flags-in-israel-israeli-hasbara-is-falling-apart_.html,https://www.palestinechronicle.com/mein-kampf-in-gaza-and-isis-flags-in-israel-israeli-hasbara-is-falling-apart/
https:__www.palestinechronicle.com_the-other-war-why-israel-is-desperate-to-crush-resistance-in-the-west-bank_.html,https://www.palestinechronicle.com/the-other-war-why-israel-is-desperate-to-crush-resistance-in-the-west-bank/
https:__www.palestinechronicle.com_fares-anbar-eyewitness-report-of-a-palestinian-musician_.html,https://www.palestinechronicle.com/fares-anbar-eyewitness-report-of-a-palestinian-musician/
https:__www.palestinechronicle.com_home-thoughts-from-abroad-at-the-time-of-genocide_.html,https://www.palestinechronicle.com/home-thoughts-from-abroad-at-the-time-of-genocide/
https:__www.palestinechronicle.com_our-homes-are-not-just-stones-owners-of-destroyed-homes-in-gaza-are-desperate_.html,https://www.palestinechronicle.com/our-homes-are-not-just-stones-owners-of-destroyed-homes-in-gaza-are-desperate/
https:__www.palestinechronicle.com_yusuf-the-groom-to-be-was-killed-in-an-israeli-strike_.html,https://www.palestinechronicle.com/yusuf-the-groom-to-be-was-killed-in-an-israeli-strike/
https:__www.palestinechronicle.com_iran-is-ready-with-israeli-hitting-missiles-irgc_.html,https://www.palestinechronicle.com/iran-is-ready-with-israeli-hitting-missiles-irgc/
https:__www.palestinechronicle.com_our-disgust-at-the-palestinian-genocide-must-strengthen-our-efforts_.html,https://www.palestinechronicle.com/our-disgust-at-the-palestinian-genocide-must-strengthen-our-efforts/
https:__www.palestinechronicle.com_this-is-what-palestinians-are-fighting-for-baroud-on-rts-worlds-apart-video_.html,https://www.palestinechronicle.com/this-is-what-palestinians-are-fighting-for-baroud-on-rts-worlds-apart-video/
https:__www.palestinechronicle.com_a-gaza-doctors-last-words-to-arab-leaders_.html,https://www.palestinechronicle.com/a-gaza-doctors-last-words-to-arab-leaders/
https:__www.palestinechronicle.com_its-not-a-summit-its-a-pit-residents-of-gaza-scoff-at-arab-summit_.html,https://www.palestinechronicle.com/its-not-a-summit-its-a-pit-residents-of-gaza-scoff-at-arab-summit/
https:__www.palestinechronicle.com_palestine-israel-tensions-rise-in-cape-town-photos_.html,https://www.palestinechronicle.com/palestine-israel-tensions-rise-in-cape-town-photos/
https:__www.palestinechronicle.com_human-shields-and-bleeding-to-death-but-thank-you-uncle-we-are-okay-a-note-from-gaza_.html,https://www.palestinechronicle.com/human-shields-and-bleeding-to-death-but-thank-you-uncle-we-are-okay-a-note-from-gaza/
https:__www.palestinechronicle.com_the-world-has-abandoned-us-in-gaza-stories-from-survivors_.html,https://www.palestinechronicle.com/the-world-has-abandoned-us-in-gaza-stories-from-survivors/
https:__www.palestinechronicle.com_brutality-and-imperialism-the-catastrophic-roots-of-zionism-in-palestine_.html,https://www.palestinechronicle.com/brutality-and-imperialism-the-catastrophic-roots-of-zionism-in-palestine/
https:__www.palestinechronicle.com_thousands-of-people-march-in-cape-town-call-on-south-africa-to-shut-down-israeli-embassy_.html,https://www.palestinechronicle.com/thousands-of-people-march-in-cape-town-call-on-south-africa-to-shut-down-israeli-embassy/
https:__www.palestinechronicle.com_displaced-and-hungry-spirit-of-solidarity-at-work-in-gaza_.html,https://www.palestinechronicle.com/displaced-and-hungry-spirit-of-solidarity-at-work-in-gaza/
https:__www.palestinechronicle.com_back-to-the-stone-age-gaza-without-water-or-transportation_.html,https://www.palestinechronicle.com/back-to-the-stone-age-gaza-without-water-or-transportation/
https:__www.palestinechronicle.com_gaza-civil-defense-fights-numerous-odds-to-keep-palestinians-alive-photos_.html,https://www.palestinechronicle.com/gaza-civil-defense-fights-numerous-odds-to-keep-palestinians-alive-photos/
https:__www.palestinechronicle.com_dichotomy-of-oppression-and-liberation-why-colonizers-do-not-prevail_.html,https://www.palestinechronicle.com/dichotomy-of-oppression-and-liberation-why-colonizers-do-not-prevail/
https:__www.palestinechronicle.com_see-you-next-week-statement-by-israeli-captive-kastir-to-be-released-by-pij_.html,https://www.palestinechronicle.com/see-you-next-week-statement-by-israeli-captive-kastir-to-be-released-by-pij/
https:__www.palestinechronicle.com_the-olive-season-in-gaza-ended-before-it-began_.html,https://www.palestinechronicle.com/the-olive-season-in-gaza-ended-before-it-began/
https:__www.palestinechronicle.com_the-heart-of-the-neighborhood-israeli-airstrikes-kill-elderly-residents-of-nuseirat_.html,https://www.palestinechronicle.com/the-heart-of-the-neighborhood-israeli-airstrikes-kill-elderly-residents-of-nuseirat/
https:__www.palestinechronicle.com_gaza-is-hiroshima-the-west-is-collectively-responsible-for-israels-genocide_.html,https://www.palestinechronicle.com/gaza-is-hiroshima-the-west-is-collectively-responsible-for-israels-genocide/
https:__www.palestinechronicle.com_was-there-an-assassination-attempt-against-mahmoud-abbas-fact-check_.html,https://www.palestinechronicle.com/was-there-an-assassination-attempt-against-mahmoud-abbas-fact-check/
https:__www.palestinechronicle.com_no-food-no-fuel-gazas-new-reality-is-catastrophic-special-report_.html,https://www.palestinechronicle.com/no-food-no-fuel-gazas-new-reality-is-catastrophic-special-report/
https:__www.palestinechronicle.com_why-do-palestinians-celebrate-martyrs-birthdays-in-gaza_.html,https://www.palestinechronicle.com/why-do-palestinians-celebrate-martyrs-birthdays-in-gaza/
https:__www.palestinechronicle.com_israeli-airstrike-kills-abu-ghalaba-beloved-patissier_.html,https://www.palestinechronicle.com/israeli-airstrike-kills-abu-ghalaba-beloved-patissier/
https:__www.palestinechronicle.com_doctors-in-gaza-are-heroes-american-nurse-describes-her-experience-in-war-torn-gaza_.html,https://www.palestinechronicle.com/doctors-in-gaza-are-heroes-american-nurse-describes-her-experience-in-war-torn-gaza/
https:__www.palestinechronicle.com_love-and-humanity-in-war-torn-gaza-photos_.html,https://www.palestinechronicle.com/love-and-humanity-in-war-torn-gaza-photos/
https:__www.palestinechronicle.com_israel-is-starving-us-gaza-children-hold-press-conference-at-al-shifa-hospital_.html,https://www.palestinechronicle.com/israel-is-starving-us-gaza-children-hold-press-conference-at-al-shifa-hospital/
https:__www.palestinechronicle.com_we-will-not-be-satisfied-with-this-on-timing-and-meaning-of-hezbollahs-latest-video_.html,https://www.palestinechronicle.com/we-will-not-be-satisfied-with-this-on-timing-and-meaning-of-hezbollahs-latest-video/
https:__www.palestinechronicle.com_city-destroyed-its-mayor-was-killed-messages-from-survivors-of-the-al-zahraa-massacre_.html,https://www.palestinechronicle.com/city-destroyed-its-mayor-was-killed-messages-from-survivors-of-the-al-zahraa-massacre/
https:__www.palestinechronicle.com_jon-voight-condemns-own-daughter-angelina-jolie-for-pro-palestine-stance_.html,https://www.palestinechronicle.com/jon-voight-condemns-own-daughter-angelina-jolie-for-pro-palestine-stance/
https:__www.palestinechronicle.com_a-million-deaths-a-day-testimonies-of-gaza-workers-who-were-trapped-in-israel_.html,https://www.palestinechronicle.com/a-million-deaths-a-day-testimonies-of-gaza-workers-who-were-trapped-in-israel/
https:__www.palestinechronicle.com_solidarity-in-istanbul-turkey-is-a-safe-place-to-be-pro-palestinian_.html,https://www.palestinechronicle.com/solidarity-in-istanbul-turkey-is-a-safe-place-to-be-pro-palestinian/
https:__www.palestinechronicle.com_here-we-will-stay-zionist-genocide-and-the-battle-for-civilization_.html,https://www.palestinechronicle.com/here-we-will-stay-zionist-genocide-and-the-battle-for-civilization/
https:__www.palestinechronicle.com_cries-of-gaza-survivors-when-will-we-rescue-our-children-from-under-the-rubble_.html,https://www.palestinechronicle.com/cries-of-gaza-survivors-when-will-we-rescue-our-children-from-under-the-rubble/
https:__www.palestinechronicle.com_jabaliyas-al-fakhoura-massacre-in-eight-photos_.html,https://www.palestinechronicle.com/jabaliyas-al-fakhoura-massacre-in-eight-photos/
https:__www.palestinechronicle.com_gaza-speaks-out-a-message-to-the-world-on-the-30th-day-of-the-aggression_.html,https://www.palestinechronicle.com/gaza-speaks-out-a-message-to-the-world-on-the-30th-day-of-the-aggression/
https:__www.palestinechronicle.com_getting-bread-in-gaza-costs-blood-occupation-destroys-the-11th-bakery_.html,https://www.palestinechronicle.com/getting-bread-in-gaza-costs-blood-occupation-destroys-the-11th-bakery/
https:__www.palestinechronicle.com_our-collective-nightmare-photos-from-gaza_.html,https://www.palestinechronicle.com/our-collective-nightmare-photos-from-gaza/
https:__www.palestinechronicle.com_actions-not-words-gaza-reacts-to-nasrallahs-speech_.html,https://www.palestinechronicle.com/actions-not-words-gaza-reacts-to-nasrallahs-speech/
https:__www.palestinechronicle.com_hezbollah-leader-nasrallah-on-the-lebanese-front-all-options-are-on-the-table-video_.html,https://www.palestinechronicle.com/hezbollah-leader-nasrallah-on-the-lebanese-front-all-options-are-on-the-table-video/
https:__www.palestinechronicle.com_i-love-you-my-dear-moon-gaza-man-eulogizes-his-sister-killed-by-israeli-airstrike_.html,https://www.palestinechronicle.com/i-love-you-my-dear-moon-gaza-man-eulogizes-his-sister-killed-by-israeli-airstrike/
https:__www.palestinechronicle.com_who-is-abu-obeida-al-qassam-famous-military-spokesman-profile_.html,https://www.palestinechronicle.com/who-is-abu-obeida-al-qassam-famous-military-spokesman-profile/
https:__www.palestinechronicle.com_olympic-committee-discredited-itself-entirely-over-israel-lavrov_.html,https://www.palestinechronicle.com/olympic-committee-discredited-itself-entirely-over-israel-lavrov/
https:__www.palestinechronicle.com_no-place-for-joy-israel-bombs-gaza-wedding-hall-kills-26-people_.html,https://www.palestinechronicle.com/no-place-for-joy-israel-bombs-gaza-wedding-hall-kills-26-people/
https:__www.palestinechronicle.com_did-russian-wagner-forces-arrive-in-lebanon-explainer_.html,https://www.palestinechronicle.com/did-russian-wagner-forces-arrive-in-lebanon-explainer/
https:__www.palestinechronicle.com_tennis-champion-ons-jabeur-breaks-down-over-gaza-watch_.html,https://www.palestinechronicle.com/tennis-champion-ons-jabeur-breaks-down-over-gaza-watch/
https:__www.palestinechronicle.com_blood-mixed-with-bread-shattered-homes-and-shattered-lives-gaza-today-photos_.html,https://www.palestinechronicle.com/blood-mixed-with-bread-shattered-homes-and-shattered-lives-gaza-today-photos/
https:__www.palestinechronicle.com_justice-is-non-negotiable-why-israel-cannot-destroy-palestinian-resistance_.html,https://www.palestinechronicle.com/justice-is-non-negotiable-why-israel-cannot-destroy-palestinian-resistance/
https:__www.palestinechronicle.com_like-the-phoenix-gaza-will-rise-from-the-fire_.html,https://www.palestinechronicle.com/like-the-phoenix-gaza-will-rise-from-the-fire/
https:__www.palestinechronicle.com_on-why-you-cant-be-neutral-on-a-moving-train-when-the-train-is-liberation_.html,https://www.palestinechronicle.com/on-why-you-cant-be-neutral-on-a-moving-train-when-the-train-is-liberation/
https:__www.palestinechronicle.com_humanity-vs-new-nazis-ismail-haniyeh-highlights-goals-of-resistance-in-gaza_.html,https://www.palestinechronicle.com/humanity-vs-new-nazis-ismail-haniyeh-highlights-goals-of-resistance-in-gaza/
https:__www.palestinechronicle.com_three-horrific-massacres-in-gaza-what-we-know-so-far_.html,https://www.palestinechronicle.com/three-horrific-massacres-in-gaza-what-we-know-so-far/
https:__www.palestinechronicle.com_gaza-war-hundreds-of-palestinian-families-erased-from-civil-registry_.html,https://www.palestinechronicle.com/gaza-war-hundreds-of-palestinian-families-erased-from-civil-registry/
https:__www.palestinechronicle.com_the-sweet-boy-with-curly-hair-was-found-but-under-the-rubble_.html,https://www.palestinechronicle.com/the-sweet-boy-with-curly-hair-was-found-but-under-the-rubble/
https:__www.palestinechronicle.com_worlds-second-largest-comics-festival-faces-boycotts-over-gaza-genocide_.html,https://www.palestinechronicle.com/worlds-second-largest-comics-festival-faces-boycotts-over-gaza-genocide/
https:__www.palestinechronicle.com_above-ground-what-does-gaza-resistance-look-like_.html,https://www.palestinechronicle.com/above-ground-what-does-gaza-resistance-look-like/
https:__www.palestinechronicle.com_environmental-health-and-food-hazards-threaten-the-lives-of-thousands-of-displaced-in-gaza_.html,https://www.palestinechronicle.com/environmental-health-and-food-hazards-threaten-the-lives-of-thousands-of-displaced-in-gaza/
https:__www.palestinechronicle.com_the-gaza-manifesto-why-americas-old-middle-east-is-crumbling_.html,https://www.palestinechronicle.com/the-gaza-manifesto-why-americas-old-middle-east-is-crumbling/
https:__www.palestinechronicle.com_gaza-what-happened-during-the-israeli-imposed-internet-blackout_.html,https://www.palestinechronicle.com/gaza-what-happened-during-the-israeli-imposed-internet-blackout/
https:__www.palestinechronicle.com_settlers-on-the-move-season-of-blessing-turns-bloody-in-the-west-bank_.html,https://www.palestinechronicle.com/settlers-on-the-move-season-of-blessing-turns-bloody-in-the-west-bank/
https:__www.palestinechronicle.com_zionism-and-apartheid-the-moral-legitimacy-of-palestinian-resistance_.html,https://www.palestinechronicle.com/zionism-and-apartheid-the-moral-legitimacy-of-palestinian-resistance/
https:__www.palestinechronicle.com_heart-of-resistance-what-is-gaza-and-why-does-it-matter-essential-facts_.html,https://www.palestinechronicle.com/heart-of-resistance-what-is-gaza-and-why-does-it-matter-essential-facts/
https:__www.palestinechronicle.com_be-confident-our-people-this-is-what-abu-obeida-said-in-latest-statement_.html,https://www.palestinechronicle.com/be-confident-our-people-this-is-what-abu-obeida-said-in-latest-statement/
https:__www.palestinechronicle.com_israeli-blindness-highlights-unlearned-lessons-from-history_.html,https://www.palestinechronicle.com/israeli-blindness-highlights-unlearned-lessons-from-history/
https:__www.palestinechronicle.com_leaked-documents-israeli-intelligence-think-tank-lay-out-plans-for-ethnically-cleansing-gaza_.html,https://www.palestinechronicle.com/leaked-documents-israeli-intelligence-think-tank-lay-out-plans-for-ethnically-cleansing-gaza/
https:__www.palestinechronicle.com_shelling-nuseirat-camp-market-israel-deliberately-destroys-the-palestinian-economy-in-gaza_.html,https://www.palestinechronicle.com/shelling-nuseirat-camp-market-israel-deliberately-destroys-the-palestinian-economy-in-gaza/
https:__www.palestinechronicle.com_ronaldos-partner-georgina-dave-chappelle-on-gaza-solidarity-snippets_.html,https://www.palestinechronicle.com/ronaldos-partner-georgina-dave-chappelle-on-gaza-solidarity-snippets/
https:__www.palestinechronicle.com_from-palestine-to-south-africa-fighting-for-freedom-is-an-obligation_.html,https://www.palestinechronicle.com/from-palestine-to-south-africa-fighting-for-freedom-is-an-obligation/
https:__www.palestinechronicle.com_gaza-hospital-massacre-and-the-marketing-of-israeli-lies_.html,https://www.palestinechronicle.com/gaza-hospital-massacre-and-the-marketing-of-israeli-lies/
https:__www.palestinechronicle.com_assassinating-joy-nuseirats-beloved-clown-in-critical-condition-wife-and-daughter-killed_.html,https://www.palestinechronicle.com/assassinating-joy-nuseirats-beloved-clown-in-critical-condition-wife-and-daughter-killed/
https:__www.palestinechronicle.com_palestinians-subject-to-56-years-of-suffocating-occupation-antonio-guterres_.html,https://www.palestinechronicle.com/palestinians-subject-to-56-years-of-suffocating-occupation-antonio-guterres/
https:__www.palestinechronicle.com_guterres-nasrallah-erdogan-and-zikim-why-these-events-matter_.html,https://www.palestinechronicle.com/guterres-nasrallah-erdogan-and-zikim-why-these-events-matter/
https:__www.palestinechronicle.com_human-animals-the-sordid-language-behind-israels-genocide-in-gaza_.html,https://www.palestinechronicle.com/human-animals-the-sordid-language-behind-israels-genocide-in-gaza/
https:__www.palestinechronicle.com_unprecedented-destruction-survivors-of-gaza-speak-to-the-world-special-report_.html,https://www.palestinechronicle.com/unprecedented-destruction-survivors-of-gaza-speak-to-the-world-special-report/
https:__www.palestinechronicle.com_gaza-today-broken-toys-dead-clowns-and-jungle-of-concrete-photos_.html,https://www.palestinechronicle.com/gaza-today-broken-toys-dead-clowns-and-jungle-of-concrete-photos/
https:__www.palestinechronicle.com_protesting-unrwa-distraught-doctor-note-to-a-friend-gaza-in-photos_.html,https://www.palestinechronicle.com/protesting-unrwa-distraught-doctor-note-to-a-friend-gaza-in-photos/
https:__www.palestinechronicle.com_these-are-some-of-the-bombs-israel-uses-in-gaza-explainer_.html,https://www.palestinechronicle.com/these-are-some-of-the-bombs-israel-uses-in-gaza-explainer/
https:__www.palestinechronicle.com_my-wife-does-not-know-that-our-children-are-dead-gaza-speaks-to-the-world-special-report_.html,https://www.palestinechronicle.com/my-wife-does-not-know-that-our-children-are-dead-gaza-speaks-to-the-world-special-report/
https:__www.palestinechronicle.com_will-there-be-a-ground-operation-how-israels-official-discourse-on-gaza-war-shifted-analysis_.html,https://www.palestinechronicle.com/will-there-be-a-ground-operation-how-israels-official-discourse-on-gaza-war-shifted-analysis/
https:__www.palestinechronicle.com_we-will-never-leave-gaza-palestinians-in-the-devastated-strip-are-more-rooted-than-ever_.html,https://www.palestinechronicle.com/we-will-never-leave-gaza-palestinians-in-the-devastated-strip-are-more-rooted-than-ever/
https:__www.palestinechronicle.com_ufc-fighters-on-forefront-of-growing-gaza-solidarity-campaign_.html,https://www.palestinechronicle.com/ufc-fighters-on-forefront-of-growing-gaza-solidarity-campaign/
https:__www.palestinechronicle.com_uk-police-investigate-tube-driver-for-leading-free-palestine-chant-video_.html,https://www.palestinechronicle.com/uk-police-investigate-tube-driver-for-leading-free-palestine-chant-video/
https:__www.palestinechronicle.com_no-food-no-fuel-no-medicine-and-a-victory-sign-photos-from-gaza_.html,https://www.palestinechronicle.com/no-food-no-fuel-no-medicine-and-a-victory-sign-photos-from-gaza/
https:__www.palestinechronicle.com_what-can-we-read-from-hezbollahs-latest-statement-on-escalating-the-conflict-with-israel-analysis_.html,https://www.palestinechronicle.com/what-can-we-read-from-hezbollahs-latest-statement-on-escalating-the-conflict-with-israel-analysis/
https:__www.palestinechronicle.com_why-did-israel-reject-the-release-of-two-israelis-held-by-qassam-brigades-in-gaza_.html,https://www.palestinechronicle.com/why-did-israel-reject-the-release-of-two-israelis-held-by-qassam-brigades-in-gaza/
https:__www.palestinechronicle.com_colonialism-and-occupation-the-great-delusion-of-the-two-state-solution_.html,https://www.palestinechronicle.com/colonialism-and-occupation-the-great-delusion-of-the-two-state-solution/
https:__www.palestinechronicle.com_gaza-two-weeks-of-israels-war-on-the-besieged-strip-photos_.html,https://www.palestinechronicle.com/gaza-two-weeks-of-israels-war-on-the-besieged-strip-photos/
https:__www.palestinechronicle.com_zionism-is-racism-the-recurring-war-to-extinguish-palestine_.html,https://www.palestinechronicle.com/zionism-is-racism-the-recurring-war-to-extinguish-palestine/
https:__www.palestinechronicle.com_greta-thunberg-calls-on-the-world-stand-with-gaza_.html,https://www.palestinechronicle.com/greta-thunberg-calls-on-the-world-stand-with-gaza/
https:__www.palestinechronicle.com_thousands-of-british-art-culture-figures-demand-immediate-end-to-israeli-war-on-gaza_.html,https://www.palestinechronicle.com/thousands-of-british-art-culture-figures-demand-immediate-end-to-israeli-war-on-gaza/
https:__www.palestinechronicle.com_i-stand-for-love-for-free-palestine-famed-us-rapper-macklemore-speaks-out-against-israeli-war_.html,https://www.palestinechronicle.com/i-stand-for-love-for-free-palestine-famed-us-rapper-macklemore-speaks-out-against-israeli-war/
https:__www.palestinechronicle.com_who-is-mohammed-al-deif-al-qassam-brigades-commander-in-chief-profile_.html,https://www.palestinechronicle.com/who-is-mohammed-al-deif-al-qassam-brigades-commander-in-chief-profile/
https:__www.palestinechronicle.com_a-new-refugee-camp-for-old-refugees-in-gaza-photos_.html,https://www.palestinechronicle.com/a-new-refugee-camp-for-old-refugees-in-gaza-photos/
https:__www.palestinechronicle.com_the-scene-at-the-kamal-adwan-hospital-in-gaza-photos_.html,https://www.palestinechronicle.com/the-scene-at-the-kamal-adwan-hospital-in-gaza-photos/
https:__www.palestinechronicle.com_war-of-words-framing-the-language-of-carnage-in-palestine_.html,https://www.palestinechronicle.com/war-of-words-framing-the-language-of-carnage-in-palestine/
https:__www.palestinechronicle.com_what-we-know-about-st-porphyrius-church-that-israel-bombed-in-gaza-photos_.html,https://www.palestinechronicle.com/what-we-know-about-st-porphyrius-church-that-israel-bombed-in-gaza-photos/
https:__www.palestinechronicle.com_why-do-children-in-gaza-write-their-names-on-their-hands_.html,https://www.palestinechronicle.com/why-do-children-in-gaza-write-their-names-on-their-hands/
https:__www.palestinechronicle.com_western-media-an-accessory-in-israeli-war-crimes_.html,https://www.palestinechronicle.com/western-media-an-accessory-in-israeli-war-crimes/
https:__www.palestinechronicle.com_youth-volunteers-in-gaza-at-work-under-impossible-conditions-exclusive-photos_.html,https://www.palestinechronicle.com/youth-volunteers-in-gaza-at-work-under-impossible-conditions-exclusive-photos/
https:__www.palestinechronicle.com_water-trucks-roam-gaza-to-help-desperate-population-photos_.html,https://www.palestinechronicle.com/water-trucks-roam-gaza-to-help-desperate-population-photos/
https:__www.palestinechronicle.com_bombing-worshippers-inside-a-mosque-in-gaza-photos_.html,https://www.palestinechronicle.com/bombing-worshippers-inside-a-mosque-in-gaza-photos/
https:__www.palestinechronicle.com_why-did-israel-bomb-the-electric-bakery-of-nuseirat-killing-three-workers_.html,https://www.palestinechronicle.com/why-did-israel-bomb-the-electric-bakery-of-nuseirat-killing-three-workers/
https:__www.palestinechronicle.com_no-peace-without-justice-gaza-has-just-vanquished-a-20-year-old-israeli-plan_.html,https://www.palestinechronicle.com/no-peace-without-justice-gaza-has-just-vanquished-a-20-year-old-israeli-plan/
https:__www.palestinechronicle.com_religious-reckoning-in-the-time-of-genocide-who-invented-zionism-ilan-pappe_.html,https://www.palestinechronicle.com/religious-reckoning-in-the-time-of-genocide-who-invented-zionism-ilan-pappe/
https:__www.palestinechronicle.com_deconstructing-a-lie-how-israel-bombed-al-ahli-hospital-then-changed-its-story-twice_.html,https://www.palestinechronicle.com/deconstructing-a-lie-how-israel-bombed-al-ahli-hospital-then-changed-its-story-twice/
https:__www.palestinechronicle.com_what-is-al-ahli-hospital-that-israel-has-just-bombed-in-gaza-explainer_.html,https://www.palestinechronicle.com/what-is-al-ahli-hospital-that-israel-has-just-bombed-in-gaza-explainer/
https:__www.palestinechronicle.com_did-qatar-offer-to-fund-displacement-of-gazas-refugees-fact-checking_.html,https://www.palestinechronicle.com/did-qatar-offer-to-fund-displacement-of-gazas-refugees-fact-checking/
https:__www.palestinechronicle.com_gaza-civil-defense-workers-bury-their-colleagues-carry-on-with-work-photos_.html,https://www.palestinechronicle.com/gaza-civil-defense-workers-bury-their-colleagues-carry-on-with-work-photos/
https:__www.palestinechronicle.com_say-palestine-and-i-will-kill-you-unicef-aid-workers-assaulted-in-italy-video_.html,https://www.palestinechronicle.com/say-palestine-and-i-will-kill-you-unicef-aid-workers-assaulted-in-italy-video/
https:__www.palestinechronicle.com_jerusalem-is-military-barracks-how-israel-is-strangling-the-west-bank_.html,https://www.palestinechronicle.com/jerusalem-is-military-barracks-how-israel-is-strangling-the-west-bank/
https:__www.palestinechronicle.com_taming-anti-palestinian-trolls-and-the-importance-of-independent-media_.html,https://www.palestinechronicle.com/taming-anti-palestinian-trolls-and-the-importance-of-independent-media/
https:__www.palestinechronicle.com_war-scenarios-what-if-hamas-wins-what-if-israel-wins-analysis_.html,https://www.palestinechronicle.com/war-scenarios-what-if-hamas-wins-what-if-israel-wins-analysis/
https:__www.palestinechronicle.com_who-is-yahya-sinwar-hamas-top-leader-in-gaza-profile_.html,https://www.palestinechronicle.com/who-is-yahya-sinwar-hamas-top-leader-in-gaza-profile/
https:__www.palestinechronicle.com_international-athletes-raise-their-voice-i-stand-in-solidarity-with-gaza_.html,https://www.palestinechronicle.com/international-athletes-raise-their-voice-i-stand-in-solidarity-with-gaza/
https:__www.palestinechronicle.com_south-africas-top-diplomat-lets-do-something-comrades_.html,https://www.palestinechronicle.com/south-africas-top-diplomat-lets-do-something-comrades/
https:__www.palestinechronicle.com_words-cannot-describe-this-another-mass-grave-in-gaza-photos_.html,https://www.palestinechronicle.com/words-cannot-describe-this-another-mass-grave-in-gaza-photos/
https:__www.palestinechronicle.com_al-ahli-hospital-in-gaza-hit-with-direct-israeli-strike-photos-video_.html,https://www.palestinechronicle.com/al-ahli-hospital-in-gaza-hit-with-direct-israeli-strike-photos-video/
https:__www.palestinechronicle.com_the-gaza-inferno-palestine-cannot-be-left-alone-anymore_.html,https://www.palestinechronicle.com/the-gaza-inferno-palestine-cannot-be-left-alone-anymore/
https:__www.palestinechronicle.com_a-sick-puppy-is-not-a-charred-baby-how-israel-utilized-ai-to-frame-palestinians_.html,https://www.palestinechronicle.com/a-sick-puppy-is-not-a-charred-baby-how-israel-utilized-ai-to-frame-palestinians/
https:__www.palestinechronicle.com_i-just-want-to-visit-palestine-young-palestinian-writer-yousef-dawas-was-killed-by-israeli-strikes-on-gaza_.html,https://www.palestinechronicle.com/i-just-want-to-visit-palestine-young-palestinian-writer-yousef-dawas-was-killed-by-israeli-strikes-on-gaza/
https:__www.palestinechronicle.com_israel-ordered-palestinians-to-flee-then-bombed-their-convoys-this-is-what-happened_.html,https://www.palestinechronicle.com/israel-ordered-palestinians-to-flee-then-bombed-their-convoys-this-is-what-happened/
https:__www.palestinechronicle.com_due-to-gaza-war-jpmorgan-boss-warns-of-most-dangerous-time-in-decades_.html,https://www.palestinechronicle.com/due-to-gaza-war-jpmorgan-boss-warns-of-most-dangerous-time-in-decades/
https:__www.palestinechronicle.com_israels-license-to-kill-genocidal-campaign-has-been-unleashed-in-gaza_.html,https://www.palestinechronicle.com/israels-license-to-kill-genocidal-campaign-has-been-unleashed-in-gaza/
https:__www.palestinechronicle.com_despite-threats-thousands-rusk-to-uk-streets-demanding-justice-for-palestine_.html,https://www.palestinechronicle.com/despite-threats-thousands-rusk-to-uk-streets-demanding-justice-for-palestine/
https:__www.palestinechronicle.com_my-heart-is-heavy-to-whom-it-may-concern-please-stop-roger-waters_.html,https://www.palestinechronicle.com/my-heart-is-heavy-to-whom-it-may-concern-please-stop-roger-waters/
https:__www.palestinechronicle.com_world-united-end-israeli-massacres-in-gaza-special-report_.html,https://www.palestinechronicle.com/world-united-end-israeli-massacres-in-gaza-special-report/
https:__www.palestinechronicle.com_on-the-verge-of-collapse-what-is-the-situation-of-hospitals-in-gaza_.html,https://www.palestinechronicle.com/on-the-verge-of-collapse-what-is-the-situation-of-hospitals-in-gaza/
https:__www.palestinechronicle.com_hamas-this-is-why-israeli-civilians-were-killed-in-the-war_.html,https://www.palestinechronicle.com/hamas-this-is-why-israeli-civilians-were-killed-in-the-war/
https:__www.palestinechronicle.com_smiling-in-the-time-of-genocide-gaza-children-looking-for-water-photos_.html,https://www.palestinechronicle.com/smiling-in-the-time-of-genocide-gaza-children-looking-for-water-photos/
https:__www.palestinechronicle.com_war-in-palestine-divides-african-governments-report_.html,https://www.palestinechronicle.com/war-in-palestine-divides-african-governments-report/
https:__www.palestinechronicle.com_have-you-seen-my-son-a-horror-scene-at-shifa-hospital-in-gaza-photos_.html,https://www.palestinechronicle.com/have-you-seen-my-son-a-horror-scene-at-shifa-hospital-in-gaza-photos/
https:__www.palestinechronicle.com_gaza-seized-the-initiative-might-vs-willpower_.html,https://www.palestinechronicle.com/gaza-seized-the-initiative-might-vs-willpower/
https:__www.palestinechronicle.com_why-isnt-cheering-israels-bombing-of-civilians-a-hate-crime_.html,https://www.palestinechronicle.com/why-isnt-cheering-israels-bombing-of-civilians-a-hate-crime/
https:__www.palestinechronicle.com_enemy-of-civilization-blinken-netanyahu-compare-hamas-to-isis-in-joint-press-conference_.html,https://www.palestinechronicle.com/enemy-of-civilization-blinken-netanyahu-compare-hamas-to-isis-in-joint-press-conference/
https:__www.palestinechronicle.com_how-did-celebrities-react-to-al-aqsa-flood-operation_.html,https://www.palestinechronicle.com/how-did-celebrities-react-to-al-aqsa-flood-operation/
https:__www.palestinechronicle.com_refuting-three-major-israeli-lies-in-its-war-on-palestinians-videos_.html,https://www.palestinechronicle.com/refuting-three-major-israeli-lies-in-its-war-on-palestinians-videos/
https:__www.palestinechronicle.com_playing-in-netanyahus-hands-why-is-washington-launching-war-on-palestinians-analysis_.html,https://www.palestinechronicle.com/playing-in-netanyahus-hands-why-is-washington-launching-war-on-palestinians-analysis/
https:__www.palestinechronicle.com_gesture-of-humanity-israeli-settler-her-two-children-released-by-palestinian-resistance_.html,https://www.palestinechronicle.com/gesture-of-humanity-israeli-settler-her-two-children-released-by-palestinian-resistance/
https:__www.palestinechronicle.com_more-than-1000-killed-in-gaza-israeli-airstrike-continue-photo-gallery_.html,https://www.palestinechronicle.com/more-than-1000-killed-in-gaza-israeli-airstrike-continue-photo-gallery/
https:__www.palestinechronicle.com_did-palestinian-fighters-kill-israeli-babies-fact-checking_.html,https://www.palestinechronicle.com/did-palestinian-fighters-kill-israeli-babies-fact-checking/
https:__www.palestinechronicle.com_they-kill-journalists-palestine-chronicle-reporters-attend-funeral-of-colleagues-in-gaza-photos_.html,https://www.palestinechronicle.com/they-kill-journalists-palestine-chronicle-reporters-attend-funeral-of-colleagues-in-gaza-photos/
https:__www.palestinechronicle.com_my-israeli-friends-this-is-why-i-support-palestinians-ilan-pappe_.html,https://www.palestinechronicle.com/my-israeli-friends-this-is-why-i-support-palestinians-ilan-pappe/
https:__www.palestinechronicle.com_defiant-gaza-the-reasons-for-resistance-are-clear_.html,https://www.palestinechronicle.com/defiant-gaza-the-reasons-for-resistance-are-clear/
https:__www.palestinechronicle.com_a-day-to-remember-how-al-quds-flood-altered-the-relationship-between-palestine-and-israel-forever_.html,https://www.palestinechronicle.com/a-day-to-remember-how-al-quds-flood-altered-the-relationship-between-palestine-and-israel-forever/
https:__www.palestinechronicle.com_gaza-israel-bombs-200-targets-in-one-night-photo-gallery_.html,https://www.palestinechronicle.com/gaza-israel-bombs-200-targets-in-one-night-photo-gallery/
https:__www.palestinechronicle.com_popular-resistance-confronts-us-israeli-hegemony_.html,https://www.palestinechronicle.com/popular-resistance-confronts-us-israeli-hegemony/
https:__www.palestinechronicle.com_call-for-genocide-nikki-haley-tells-netanyahu-finish-them_.html,https://www.palestinechronicle.com/call-for-genocide-nikki-haley-tells-netanyahu-finish-them/
https:__www.palestinechronicle.com_top-ranking-israeli-military-officials-killed-in-al-aqsa-flood-so-far_.html,https://www.palestinechronicle.com/top-ranking-israeli-military-officials-killed-in-al-aqsa-flood-so-far/
https:__www.palestinechronicle.com_abu-obeida-an-execution-for-every-bombing-in-gaza_.html,https://www.palestinechronicle.com/abu-obeida-an-execution-for-every-bombing-in-gaza/
https:__www.palestinechronicle.com_netanyahus-impossible-options-in-gaza-to-invade-or-not-to-invade_.html,https://www.palestinechronicle.com/netanyahus-impossible-options-in-gaza-to-invade-or-not-to-invade/
https:__www.palestinechronicle.com_thousands-killed-wounded-on-both-sides-al-aqsa-flood-escalates-live-blog_.html,https://www.palestinechronicle.com/thousands-killed-wounded-on-both-sides-al-aqsa-flood-escalates-live-blog/
https:__www.palestinechronicle.com_this-is-what-israels-war-on-gaza-is-doing-photo-story_.html,https://www.palestinechronicle.com/this-is-what-israels-war-on-gaza-is-doing-photo-story/
https:__www.palestinechronicle.com_in-new-message-abu-obeida-calls-on-all-palestinians-to-join-the-battle-video_.html,https://www.palestinechronicle.com/in-new-message-abu-obeida-calls-on-all-palestinians-to-join-the-battle-video/
https:__www.palestinechronicle.com_al-aqsa-flood-operation-continues-israeli-airstrikes-kill-hundreds-in-gaza-live-blog_.html,https://www.palestinechronicle.com/al-aqsa-flood-operation-continues-israeli-airstrikes-kill-hundreds-in-gaza-live-blog/
https:__www.palestinechronicle.com_al-aqsa-flood-day-one-in-photos_.html,https://www.palestinechronicle.com/al-aqsa-flood-day-one-in-photos/
https:__www.palestinechronicle.com_saudi-arabia-issues-official-position-on-war-in-and-around-gaza_.html,https://www.palestinechronicle.com/saudi-arabia-issues-official-position-on-war-in-and-around-gaza/
https:__www.palestinechronicle.com_russia-vs-us-how-did-moscow-and-washington-react-to-the-war-in-palestine-and-israel_.html,https://www.palestinechronicle.com/russia-vs-us-how-did-moscow-and-washington-react-to-the-war-in-palestine-and-israel/
https:__www.palestinechronicle.com_a-colossal-failure-how-israeli-media-covered-the-al-aqsa-flood-operation_.html,https://www.palestinechronicle.com/a-colossal-failure-how-israeli-media-covered-the-al-aqsa-flood-operation/
https:__www.palestinechronicle.com_flood-like-no-other-israeli-media-in-shock-as-palestinians-change-roles-of-the-game-analysis_.html,https://www.palestinechronicle.com/flood-like-no-other-israeli-media-in-shock-as-palestinians-change-roles-of-the-game-analysis/
https:__www.palestinechronicle.com_this-is-how-hezbollah-responded-to-hamas-call-for-resistance-full-translation_.html,https://www.palestinechronicle.com/this-is-how-hezbollah-responded-to-hamas-call-for-resistance-full-translation/
https:__www.palestinechronicle.com_this-is-how-palestinian-resistance-fighters-entered-israel-from-various-points-videos_.html,https://www.palestinechronicle.com/this-is-how-palestinian-resistance-fighters-entered-israel-from-various-points-videos/
https:__www.palestinechronicle.com_what-we-know-about-hamas-rockets-names-dates-and-ranges_.html,https://www.palestinechronicle.com/what-we-know-about-hamas-rockets-names-dates-and-ranges/
https:__www.palestinechronicle.com_spreading-the-news-how-israel-is-trying-to-free-murderers-of-mohammed-abu-khdeir_.html,https://www.palestinechronicle.com/spreading-the-news-how-israel-is-trying-to-free-murderers-of-mohammed-abu-khdeir/
https:__www.palestinechronicle.com_for-the-love-of-ice-cream-al-arousa-factory-in-gaza-switches-to-winter-mode-photos_.html,https://www.palestinechronicle.com/for-the-love-of-ice-cream-al-arousa-factory-in-gaza-switches-to-winter-mode-photos/
https:__www.palestinechronicle.com_ready-to-attack-what-do-we-know-about-suspected-turkish-mossad-agent-kucukkaya_.html,https://www.palestinechronicle.com/ready-to-attack-what-do-we-know-about-suspected-turkish-mossad-agent-kucukkaya/
https:__www.palestinechronicle.com_ambassador-of-israeli-crimes-this-is-how-gilad-erdan-become-a-defender-of-womens-rights-in-iran_.html,https://www.palestinechronicle.com/ambassador-of-israeli-crimes-this-is-how-gilad-erdan-become-a-defender-of-womens-rights-in-iran/
https:__www.palestinechronicle.com_stranger-in-my-own-land-palestine-israel-and-one-familys-story-of-home-book-review_.html,https://www.palestinechronicle.com/stranger-in-my-own-land-palestine-israel-and-one-familys-story-of-home-book-review/
https:__www.palestinechronicle.com_largest-in-the-history-of-resistance-in-gaza-pij-unveils-new-weapons-in-latest-military-parade_.html,https://www.palestinechronicle.com/largest-in-the-history-of-resistance-in-gaza-pij-unveils-new-weapons-in-latest-military-parade/
https:__www.palestinechronicle.com_palestinian-muslim-clergy-call-on-muslim-ummah-to-rise-in-solidarity-al-aqsa-photo-gallery_.html,https://www.palestinechronicle.com/palestinian-muslim-clergy-call-on-muslim-ummah-to-rise-in-solidarity-al-aqsa-photo-gallery/
https:__www.palestinechronicle.com_glorifying-hate-golda-movie-shows-that-zionism-remains-unrepentant_.html,https://www.palestinechronicle.com/glorifying-hate-golda-movie-shows-that-zionism-remains-unrepentant/
https:__www.palestinechronicle.com_mohammed-al-durras-memory-will-never-fade-children-of-gaza-protest-against-siege-injustice-photo-gallery_.html,https://www.palestinechronicle.com/mohammed-al-durras-memory-will-never-fade-children-of-gaza-protest-against-siege-injustice-photo-gallery/
https:__www.palestinechronicle.com_raise-your-voice-for-kayed-fasfous-and-all-palestinian-prisoners-photo-gallery_.html,https://www.palestinechronicle.com/raise-your-voice-for-kayed-fasfous-and-all-palestinian-prisoners-photo-gallery/
https:__www.palestinechronicle.com_israeli-theft-this-is-how-much-money-tel-aviv-deducts-from-pa-budget-each-month_.html,https://www.palestinechronicle.com/israeli-theft-this-is-how-much-money-tel-aviv-deducts-from-pa-budget-each-month/
https:__www.palestinechronicle.com_independence-is-power-support-the-palestine-chronicle-only-if-you-think-we-are-making-a-real-difference_.html,https://www.palestinechronicle.com/independence-is-power-support-the-palestine-chronicle-only-if-you-think-we-are-making-a-real-difference/
https:__www.palestinechronicle.com_from-house-to-house-in-palestine-refugees-teach-refugees-about-their-rights-photo-gallery_.html,https://www.palestinechronicle.com/from-house-to-house-in-palestine-refugees-teach-refugees-about-their-rights-photo-gallery/
https:__www.palestinechronicle.com_twin-fish-and-kitchen-identical-palestinian-twins-keeping-the-faith-in-gaza-photo-gallery_.html,https://www.palestinechronicle.com/twin-fish-and-kitchen-identical-palestinian-twins-keeping-the-faith-in-gaza-photo-gallery/
https:__www.palestinechronicle.com_from-espanola-to-palestine-one-struggle-unity-in-resistance_.html,https://www.palestinechronicle.com/from-espanola-to-palestine-one-struggle-unity-in-resistance/
https:__www.palestinechronicle.com_speaking-from-an-israeli-prison-the-struggle-of-mohammed-al-halabi-in-his-own-words_.html,https://www.palestinechronicle.com/speaking-from-an-israeli-prison-the-struggle-of-mohammed-al-halabi-in-his-own-words/
https:__www.palestinechronicle.com_what-is-the-beit-hanoun-crossing-and-how-is-it-linked-to-the-palestinian-protests-in-gaza-photos_.html,https://www.palestinechronicle.com/what-is-the-beit-hanoun-crossing-and-how-is-it-linked-to-the-palestinian-protests-in-gaza-photos/
https:__www.palestinechronicle.com_palestine-celebrates-the-prophets-birthday-photo-gallery_.html,https://www.palestinechronicle.com/palestine-celebrates-the-prophets-birthday-photo-gallery/
https:__www.palestinechronicle.com_through-the-iron-windows-what-happens-to-palestinians-when-israel-celebrates-jewish-holidays_.html,https://www.palestinechronicle.com/through-the-iron-windows-what-happens-to-palestinians-when-israel-celebrates-jewish-holidays/
https:__www.palestinechronicle.com_did-norway-just-champion-the-one-state-solution-in-palestine-israel_.html,https://www.palestinechronicle.com/did-norway-just-champion-the-one-state-solution-in-palestine-israel/
https:__www.palestinechronicle.com_fear-of-history-the-roots-of-israels-war-on-unesco_.html,https://www.palestinechronicle.com/fear-of-history-the-roots-of-israels-war-on-unesco/
https:__www.palestinechronicle.com_gazas-truck-driving-woman-sends-a-message-of-empowerment_.html,https://www.palestinechronicle.com/gazas-truck-driving-woman-sends-a-message-of-empowerment/
https:__www.palestinechronicle.com_what-did-world-leaders-say-about-palestine-at-the-un-general-debate_.html,https://www.palestinechronicle.com/what-did-world-leaders-say-about-palestine-at-the-un-general-debate/
https:__www.palestinechronicle.com_no-men-allowed-a-daughter-a-mother-and-a-heap-of-papers-at-qalandiya_.html,https://www.palestinechronicle.com/no-men-allowed-a-daughter-a-mother-and-a-heap-of-papers-at-qalandiya/
https:__www.palestinechronicle.com_visa-waiver-for-palestinians-no-thanks-to-south-african-government_.html,https://www.palestinechronicle.com/visa-waiver-for-palestinians-no-thanks-to-south-african-government/
